donationID,donor_first_name,donor_last_name,donation_date,donation_amount,payment_method,addressID,volunteerID
50001,Emma,Anderson,6/1/2023,100,cash,40001,30001
50002,Liam,Martin,6/1/2023,350,check,40002,30001
50003,Noah,Rodriguez,6/1/2023,150,credit card,40003,30001
50004,Ava,Davis,6/1/2023,450,cash,40004,30001
50005,Benjamin,Taylor,6/1/2023,1000,credit card,40005,30001
50006,Olivia,Wilson,6/1/2023,300,credit card,40006,30001
50007,Sophia,Thompson,6/1/2023,100,cash,40007,30001
50008,Mia,Garcia,6/1/2023,400,credit card,40008,30001
50009,Charlotte,Martinez,6/1/2023,150,credit card,40009,30001
50010,Amelia,Robinson,6/1/2023,2000,credit card,40010,30001
50011,Harper,Clark,6/1/2023,250,check,40011,30001
50012,Evelyn,Rodriguez,6/1/2023,300,credit card,40012,30001
50013,Abigail,Lewis,6/1/2023,100,credit card,40013,30001
50014,Emily,Lee,6/1/2023,200,check,40014,30001
50015,Elizabeth,Walker,6/1/2023,150,credit card,40015,30001
50016,Sofia,Hall,6/1/2023,450,cash,40016,30102
50017,Avery,Young,6/1/2023,500,check,40017,30102
50018,Ella,Allen,6/1/2023,300,credit card,40018,30102
50019,Scarlett,Green,6/1/2023,100,credit card,40019,30102
50020,Grace,Baker,6/2/2023,400,check,40020,30102
50021,Chloe,Roberts,6/2/2023,350,credit card,40021,30102
50022,Victoria,Harris,6/2/2023,250,credit card,40022,30102
50023,Zoey,White,6/2/2023,300,credit card,40023,30102
50024,Natalie,Adams,6/2/2023,100,cash,40024,30102
50025,Lily,King,6/2/2023,200,cash,40025,30102
50026,Hannah,Hill,6/2/2023,150,cash,40026,30102
50027,Layla,Turner,6/2/2023,450,credit card,40027,30102
50028,Brooklyn,Scott,6/2/2023,200,check,40028,30102
50029,Zoe,Phillips,6/2/2023,1000,credit card,40029,30102
50030,Penelope,Carter,6/2/2023,250,credit card,40030,30102
50031,Eleanor,Mitchell,6/2/2023,400,check,40031,30203
50032,Aurora,Perez,6/2/2023,150,credit card,40032,30203
50033,Stella,Roberts,6/3/2023,350,cash,40033,30203
50034,Ruby,Sanchez,6/3/2023,250,check,40034,30203
50035,Audrey,Wright,6/3/2023,300,credit card,40035,30203
50036,Claire,Reed,6/3/2023,350,cash,40036,30203
50037,Hazel,Mitchell,6/3/2023,200,credit card,40037,30203
50038,Lucy,Price,6/3/2023,150,credit card,40038,30203
50039,Samantha,Barnes,6/3/2023,100,cash,40039,30203
50040,Leah,Cooper,6/3/2023,200,credit card,40040,30203
50041,Skylar,Jenkins,6/3/2023,750,cash,40041,30203
50042,Violet,Nelson,6/3/2023,800,credit card,40042,30203
50043,Paisley,Russell,6/3/2023,400,credit card,40043,30203
50044,Eleanor,Coleman,6/3/2023,600,cash,40044,30203
50045,Caroline,Rivera,6/3/2023,100,credit card,40045,30203
50046,Savannah,Mitchell,6/3/2023,1000,credit card,40046,30304
50047,Kennedy,Cooper,6/3/2023,550,cash,40047,30304
50048,Ellie,Ward,6/5/2023,650,check,40048,30304
50049,Genesis,Richardson,6/5/2023,400,credit card,40049,30304
50050,Alice,Griffin,6/5/2023,550,cash,40050,30304
50051,Luna,Watson,6/5/2023,650,credit card,40051,30304
50052,Hazel,Wood,6/5/2023,400,credit card,40052,30304
50053,Zara,Simmons,6/5/2023,550,cash,40053,30304
50054,Maya,Murphy,6/5/2023,650,check,40054,30304
50055,Layla,Watson,6/5/2023,400,credit card,40055,30304
50056,Aurora,Lopez,6/5/2023,550,cash,40056,30304
50057,Mila,Watson,6/5/2023,650,check,40057,30304
50058,Bella,Peterson,6/5/2023,2000,credit card,40058,30304
50059,Penelope,James,6/5/2023,550,cash,40059,30304
50060,Avery,Perry,6/5/2023,650,credit card,40060,30304
50061,Eliana,Brooks,6/5/2023,400,cash,40061,30405
50062,Ellie,Long,6/6/2023,200,cash,40062,30405
50063,Aria,Kelly,6/6/2023,100,credit card,40063,30405
50064,Violet,Foster,6/6/2023,500,credit card,40064,30405
50065,Grace,Torres,6/6/2023,400,cash,40065,30405
50066,Chloe,Gray,6/6/2023,550,check,40066,30405
50067,Scarlett,Cox,6/6/2023,450,credit card,40067,30405
50068,Hannah,Powell,6/6/2023,300,credit card,40068,30405
50069,Zoey,Mitchell,6/6/2023,250,check,40069,30405
50070,Stella,Diaz,6/6/2023,1000,credit card,40070,30405
50071,Quinn,Washington,6/6/2023,500,cash,40071,30405
50072,Hailey,Carter,6/6/2023,450,credit card,40072,30405
50073,Paisley,Ross,6/6/2023,300,credit card,40073,30405
50074,Ruby,Foster,6/6/2023,400,cash,40074,30405
50075,Audrey,Butler,6/6/2023,450,check,40075,30405
50076,Bella,Henderson,6/6/2023,100,credit card,40076,30506
50077,Lucy,Ramirez,6/7/2023,200,credit card,40077,30506
50078,Aurora,Bennett,6/7/2023,350,check,40078,30506
50079,Maya,Gonzales,6/7/2023,500,credit card,40079,30506
50080,Alice,Reynolds,6/7/2023,300,cash,40080,30506
50081,Luna,Hamilton,6/7/2023,250,cash,40081,30506
50082,Eliana,Freeman,6/8/2023,400,credit card,40082,30506
50083,Hazel,Graham,6/8/2023,100,cash,40083,30506
50084,Violet,Sullivan,6/8/2023,450,credit card,40084,30506
50085,Zara,Wallace,6/8/2023,300,credit card,40085,30506
50086,Mila,Fowler,6/8/2023,400,credit card,40086,30506
50087,Bella,Simpson,6/8/2023,100,check,40087,30506
50088,Penelope,Dixon,6/8/2023,1000,credit card,40088,30506
50089,Avery,Mills,6/8/2023,400,cash,40089,30506
50090,Ellie,Hughes,6/1/2023,450,credit card,40090,30506
50091,Aria,Ward,6/1/2023,300,credit card,40091,30607
50092,Grace,Powell,6/1/2023,200,cash,40092,30607
50093,Chloe,Torres,6/1/2023,350,credit card,40093,30607
50094,Scarlett,Powell,6/1/2023,500,credit card,40094,30607
50095,Hannah,Mitchell,6/1/2023,400,cash,40095,30607
50096,Zoey,Diaz,6/1/2023,450,credit card,40096,30607
50097,Stella,Washington,6/1/2023,300,credit card,40097,30607
50098,Quinn,Ross,6/1/2023,300,cash,40098,30607
50099,Hailey,Foster,6/1/2023,350,credit card,40099,30607
50100,Paisley,Butler,6/1/2023,100,credit card,40100,30607
50101,Ruby,Henderson,6/1/2023,400,cash,40101,30607
50102,Audrey,Ramirez,6/1/2023,450,check,40102,30607
50103,Bella,Bennett,6/1/2023,2000,credit card,40103,30607
50104,Lucy,Gonzales,6/2/2023,200,cash,40104,30607
50105,Aurora,Reynolds,6/2/2023,100,check,40105,30607
50106,Maya,Hamilton,6/2/2023,500,credit card,40106,30708
50107,Alice,Freeman,6/2/2023,400,cash,40107,30708
50108,Luna,Graham,6/2/2023,450,credit card,40108,30708
50109,Eliana,Sullivan,6/2/2023,1000,credit card,40109,30708
50110,Hazel,Wallace,6/2/2023,400,cash,40110,30708
50111,Violet,Fowler,6/2/2023,450,check,40111,30708
50112,Zara,Simpson,6/2/2023,300,credit card,40112,30708
50113,Mila,Dixon,6/2/2023,400,cash,40113,30708
50114,Bella,Mills,6/2/2023,450,check,40114,30708
50115,Penelope,Hughes,6/2/2023,300,credit card,40115,30708
50116,Avery,Ward,6/2/2023,200,credit card,40116,30708
50117,Ellie,Powell,6/2/2023,350,check,40117,30708
50118,Aria,Torres,6/2/2023,500,credit card,40118,30708
50119,Grace,Cox,6/2/2023,100,credit card,40119,30708
50120,Chloe,Mitchell,6/2/2023,450,check,40120,30708
50121,Scarlett,Diaz,6/2/2023,300,credit card,40121,30809
50122,Hannah,Washington,6/2/2023,400,cash,40122,30809
50123,Zoey,Ross,6/2/2023,450,check,40123,30809
50124,Stella,Foster,6/2/2023,100,credit card,40124,30809
50125,Quinn,Butler,6/2/2023,400,cash,40125,30809
50126,Hailey,Henderson,6/3/2023,450,check,40126,30809
50127,Paisley,Ramirez,6/3/2023,300,credit card,40127,30809
50128,Ruby,Bennett,6/3/2023,200,cash,40128,30809
50129,Audrey,Gonzales,6/3/2023,350,check,40129,30809
50130,Bella,Reynolds,6/3/2023,1000,credit card,40130,30809
50131,Lucy,Hamilton,6/3/2023,400,cash,40131,30809
50132,Aurora,Freeman,6/3/2023,450,credit card,40132,30809
50133,Maya,Graham,6/3/2023,300,credit card,40133,30809
50134,Alice,Sullivan,6/5/2023,400,cash,40134,30809
50135,Luna,Wallace,6/5/2023,450,check,40135,30809
50136,Eliana,Fowler,6/5/2023,300,credit card,40136,30910
50137,Hazel,Simpson,6/5/2023,400,cash,40137,30910
50138,Violet,Dixon,6/5/2023,450,cash,40138,30910
50139,Zara,Mills,6/5/2023,300,credit card,40139,30910
50140,Mila,Hughes,6/5/2023,100,cash,40140,30910
50141,Bella,Ward,6/5/2023,2000,credit card,40141,30910
50142,Penelope,Powell,6/5/2023,500,credit card,40142,30910
50143,Avery,Torres,6/5/2023,100,cash,40143,30910
50144,Ellie,Cox,6/5/2023,450,credit card,40144,30910
50145,Aria,Mitchell,6/6/2023,300,credit card,40145,30910
50146,Grace,Diaz,6/6/2023,400,cash,40146,30910
50147,Chloe,Washington,6/6/2023,450,credit card,40147,30910
50148,Scarlett,Ross,6/6/2023,300,credit card,40148,30910
50149,Hannah,Foster,6/6/2023,400,cash,40149,30910
50150,Zoey,Butler,6/6/2023,450,check,40150,30910
50151,Stella,Henderson,6/6/2023,1000,credit card,40151,31011
50152,Quinn,Ramirez,6/6/2023,200,credit card,40152,31011
50153,Hailey,Bennett,6/6/2023,350,check,40153,31011
50154,Paisley,Gonzales,6/6/2023,500,credit card,40154,31011
50155,Ruby,Reynolds,6/7/2023,400,cash,40155,31011
50156,Audrey,Hamilton,6/7/2023,450,check,40156,31011
50157,Bella,Freeman,6/7/2023,300,cash,40157,31011
50158,Lucy,Graham,6/7/2023,400,cash,40158,31011
50159,Aurora,Sullivan,6/7/2023,100,check,40159,31011
50160,Maya,Wallace,6/7/2023,300,credit card,40160,31011
50161,Alice,Fowler,6/7/2023,400,cash,40161,31011
50162,Luna,Simpson,6/7/2023,450,check,40162,31011
50163,Eliana,Dixon,6/7/2023,300,credit card,40163,31011
50164,Hazel,Mills,6/7/2023,200,cash,40164,31011
50165,Violet,Hughes,6/7/2023,350,credit card,40165,31011
50166,Zara,Ward,6/7/2023,2000,credit card,40166,31112
50167,Mila,Powell,6/8/2023,400,credit card,40167,31112
50168,Bella,Torres,6/8/2023,450,check,40168,31112
50169,Penelope,Cox,6/8/2023,1000,credit card,40169,31112
50170,Avery,Mitchell,6/8/2023,400,cash,40170,31112
50171,Ellie,Diaz,6/8/2023,450,check,40171,31112
50172,Aria,Washington,6/8/2023,300,credit card,40172,31112
50173,Grace,Ross,6/8/2023,400,cash,40173,31112
50174,Chloe,Foster,6/8/2023,450,check,40174,31112
50175,Scarlett,Butler,6/8/2023,100,credit card,40175,31112
50176,Hannah,Henderson,6/8/2023,200,cash,40176,31112
50177,Zoey,Ramirez,6/8/2023,350,credit card,40177,31112
50178,Stella,Bennett,6/8/2023,1000,credit card,40178,31112
50179,Quinn,Gonzales,6/8/2023,400,cash,40179,31112
50180,Hailey,Reynolds,6/8/2023,450,check,40180,31112
